epoch,CSR_GB_count,CSR_GB_sum,CSR_MP_count,CSR_MP_std,CSR_MP_sum,CSR_NM_count,CSR_NM_sum,CSR_PM_count,CSR_PM_std,CSR_PM_sum,loss,naive-model-mse,naive-model-non-zero,non_zero_mse,val_loss,val_non_zero_mse
0,-1,9999,9030,741.1685238197088,186.77140757299358,-1,0,9030,2727.9647103244247,1554.255980066445,659.568603515625,1163.0512109884762,3421.8742230492453,1942.0479736328125,691.06787109375,2088.88525390625
1,-1,9999,9030,981.1052054269818,287.3738709484884,-1,0,9030,2727.964710324425,1554.255980066445,632.0385131835938,1163.415170689619,3423.54834878253,1861.9805908203125,694.2269287109375,2105.7119140625
