epoch,CSR_GB_count,CSR_GB_sum,CSR_MP_count,CSR_MP_std,CSR_MP_sum,CSR_NM_count,CSR_NM_sum,CSR_PM_count,CSR_PM_std,CSR_PM_sum,loss,naive-model-mse,naive-model-non-zero,non_zero_mse,val_loss,val_non_zero_mse
0,-1,9999,9030,678.041582893888,170.45801279658363,-1,0,9030,2727.964710324425,1554.255980066445,728.413330078125,1167.211484730446,3433.2845584805755,2170.42431640625,713.6077270507812,2151.37451171875
1,-1,9999,9030,675.0792580978931,186.0770921757121,-1,0,9030,2727.964710324425,1554.255980066445,708.41015625,1161.2563906098155,3417.4722559588167,2115.391845703125,702.2400512695312,2038.4476318359375
