epoch,CSR_GB_count,CSR_GB_sum,CSR_MP_count,CSR_MP_std,CSR_MP_sum,CSR_NM_count,CSR_NM_sum,CSR_PM_count,CSR_PM_std,CSR_PM_sum,loss,naive-model-mse,naive-model-non-zero,non_zero_mse,val_loss,val_non_zero_mse
0,-1,9999,8505,108.19790162788782,13.089011333214403,-1,0,8505,3540.4488676391716,2419.145914168136,4016.9833984375,2888.8200737765487,8709.059238335252,13553.712890625,2764.490234375,9304.634765625
1,-1,9999,8505,248.80078100591498,40.95695111302682,-1,0,8505,3540.4488676391716,2419.145914168136,2085.96533203125,2888.2145115003364,8701.803411068373,6659.79833984375,2014.37109375,6579.36865234375
