epoch,CSR_GB_count,CSR_GB_sum,CSR_MP_count,CSR_MP_std,CSR_MP_sum,CSR_NM_count,CSR_NM_sum,CSR_PM_count,CSR_PM_std,CSR_PM_sum,loss,naive-model-mse,naive-model-non-zero,non_zero_mse,val_loss,val_non_zero_mse
0,-1,9999,8505,957.5370689199351,282.7967469100739,-1,0,8505,3540.448867639171,2419.145914168136,1201.121826171875,2887.8885262004273,8702.91161387988,3617.591552734375,1361.9710693359375,4100.33203125
1,-1,9999,8505,1087.3976731886287,328.43209799407316,-1,0,8505,3540.4488676391716,2419.145914168136,1156.6181640625,2888.391078079576,8696.578967822925,3481.733154296875,1326.774169921875,4065.29443359375
