epoch,CSR_GB_count,CSR_GB_sum,CSR_MP_count,CSR_MP_std,CSR_MP_sum,CSR_NM_count,CSR_NM_sum,CSR_PM_count,CSR_PM_std,CSR_PM_sum,loss,naive-model-mse,naive-model-non-zero,non_zero_mse,val_loss,val_non_zero_mse
0,-1,9999,8505,742.9247096121262,200.32976336051686,-1,0,8505,3540.4488676391716,2419.145914168136,1611.89697265625,2888.7901213923374,8712.155517405963,4985.0029296875,1445.14306640625,4347.58544921875
1,-1,9999,8505,838.9087790098058,250.77205126005225,-1,0,8505,3540.448867639171,2419.145914168136,1414.4964599609375,2887.7949926938422,8708.272846178334,4300.89990234375,1631.1588134765625,4845.76123046875
