epoch,CSR_GB_count,CSR_GB_sum,CSR_MP_count,CSR_MP_std,CSR_MP_sum,CSR_NM_count,CSR_NM_sum,CSR_PM_count,CSR_PM_std,CSR_PM_sum,loss,naive-model-mse,naive-model-non-zero,non_zero_mse,val_loss,val_non_zero_mse
0,-1,9999,8505,1111.9114245650348,357.1998331386857,-1,0,8505,3540.448867639171,2419.145914168136,1342.87353515625,2888.128427252042,8712.066327767601,4094.0478515625,1448.49267578125,4388.4189453125
1,-1,9999,8505,964.4206304450669,275.72001144729734,-1,0,8505,3540.448867639171,2419.145914168136,1250.6473388671875,2887.453197992149,8696.326506435988,3780.467529296875,1399.03759765625,4418.44287109375
