epoch,CSR_GB_count,CSR_GB_sum,CSR_MP_count,CSR_MP_std,CSR_MP_sum,CSR_NM_count,CSR_NM_sum,CSR_PM_count,CSR_PM_std,CSR_PM_sum,loss,naive-model-mse,naive-model-non-zero,non_zero_mse,val_loss,val_non_zero_mse
0,-1,9999,9030,589.0498716665575,153.0302146313611,-1,0,9030,2727.9647103244247,1554.255980066445,819.4674682617188,1163.845789571717,3422.639514705804,2460.62646484375,711.6104736328125,2096.780517578125
1,-1,9999,9030,709.2287790501506,190.69810890513466,-1,0,9030,2727.964710324425,1554.255980066445,756.1965942382812,1163.3948411342355,3427.4878827845614,2272.267333984375,721.9414672851562,2108.3046875
