epoch,CSR_train_data_fractional,loss,non_zero_mape,val_loss,val_non_zero_mape
0,0.324,106126.015625,0.7961949110031128,8042.310546875,0.8472148180007935
