epoch,CSR_GB_sum_y_exceeding_r_x_max,CSR_MP_count,CSR_MP_std,CSR_MP_sum_y_exceeding_r_x_max,CSR_NM_sum_y_exceeding_r_x_max,CSR_PM_std,CSR_PM_sum_y_exceeding_r_x_max,loss,naive-model-mse,naive-model-non-zero,non_zero_mse,self.CSR_GB_count,self.CSR_NM_count,self.CSR_PM_count,val_loss,val_non_zero_mse
0,9999,9030,247.74310992294394,69.16491670159671,0,963.4701125005821,808.7069213732004,748.2661743164062,1162.7020651068026,3417.8838499756466,2250.81787109375,-1,-1,9030,718.2246704101562,2188.245361328125
1,9999,9030,268.6497187083006,78.82894892089588,0,963.4701125005821,808.7069213732004,735.018798828125,1166.2622838434916,3425.9597784328776,2220.75,-1,-1,9030,703.6204833984375,2101.29052734375
