epoch,CSR_GB_sum_y_exceeding_r_x_max,CSR_MP_count,CSR_MP_std,CSR_MP_sum_y_exceeding_r_x_max,CSR_NM_sum_y_exceeding_r_x_max,CSR_PM_std,CSR_PM_sum_y_exceeding_r_x_max,loss,naive-model-mse,naive-model-non-zero,non_zero_mse,self.CSR_GB_count,self.CSR_NM_count,self.CSR_PM_count,val_loss,val_non_zero_mse
0,9999,8400,15.215280674317421,0.5695540945870535,0,3584.9880258389035,2467.855119047619,5369.93701171875,3281.267090481765,9911.288533235278,18214.328125,-1,-1,8400,5511.12060546875,19237.04296875
1,9999,8400,99.34109947853028,11.91836863614264,0,3584.9880258389035,2467.855119047619,2543.21484375,3294.6911817952487,9937.554873346538,8254.8837890625,-1,-1,8400,2992.6767578125,10073.7939453125
2,9999,8400,229.62099155109445,37.73719641235613,0,3584.9880258389035,2467.855119047619,2327.67578125,3297.5455493533836,9945.76855783887,7450.22607421875,-1,-1,8400,2489.59130859375,8304.162109375
3,9999,8400,375.8908530610433,73.15558643823223,0,3584.9880258389035,2467.855119047619,1951.5469970703125,3285.7261375944195,9905.90239440807,6107.9306640625,-1,-1,8400,1869.239990234375,5981.4404296875
4,9999,8400,542.5487373344944,133.18097018537776,0,3584.988025838903,2467.855119047619,1794.19921875,3290.931930014981,9938.993549188708,5534.2177734375,-1,-1,8400,1784.90478515625,5507.13916015625
