epoch,CSR_GB_count,CSR_GB_sum,CSR_MP_count,CSR_MP_std,CSR_MP_sum,CSR_NM_count,CSR_NM_sum,CSR_PM_count,CSR_PM_std,CSR_PM_sum,loss,naive-model-mse,naive-model-non-zero,non_zero_mse,val_loss,val_non_zero_mse
0,-1,9999,9030,665.2033671003754,178.60390590308842,-1,0,9030,2727.964710324425,1554.255980066445,611.6318359375,1163.2765948090218,3428.293618511973,1809.26318359375,693.48828125,2143.95556640625
1,-1,9999,9030,855.6311389207387,240.98173436805655,-1,0,9030,2727.964710324425,1554.255980066445,599.0343017578125,1162.3981937265185,3418.70885878714,1766.14453125,684.6619262695312,2057.657470703125
2,-1,9999,9030,781.1021587540598,215.7134077470432,-1,0,9030,2727.9647103244247,1554.255980066445,598.00390625,1163.3977985558117,3422.407072637319,1767.21826171875,730.4465942382812,2291.947998046875
