epoch,CSR_GB_count,CSR_GB_sum,CSR_MP_count,CSR_MP_std,CSR_MP_sum,CSR_NM_count,CSR_NM_sum,CSR_PM_count,CSR_PM_std,CSR_PM_sum,loss,naive-model-mse,naive-model-non-zero,non_zero_mse,val_loss,val_non_zero_mse
0,-1,9999,9030,761.6713677484172,221.96494501600102,-1,0,9030,2727.964710324425,1554.255980066445,719.8485107421875,1165.377711857749,3431.9147762768457,2147.5185546875,743.8831787109375,2143.980224609375
1,-1,9999,9030,781.5877149043868,231.1785961671921,-1,0,9030,2727.9647103244247,1554.255980066445,702.2950439453125,1162.7061440766547,3418.282751767227,2088.239013671875,743.6640625,2130.31591796875
2,-1,9999,9030,801.3589761504461,232.79799683059372,-1,0,9030,2727.9647103244247,1554.255980066445,691.6807250976562,1165.2466695058013,3428.6362072220422,2057.808349609375,730.0057373046875,2106.00146484375
