epoch,CSR_GB_count,CSR_GB_sum,CSR_MP_count,CSR_MP_std,CSR_MP_sum,CSR_NM_count,CSR_NM_sum,CSR_PM_count,CSR_PM_std,CSR_PM_sum,loss,naive-model-mse,naive-model-non-zero,non_zero_mse,val_loss,val_non_zero_mse
0,-1,9999,8925,960.5534398633656,275.83265855498007,-1,0,8925,3067.7538995139735,1872.1133893557424,932.2324829101562,1463.413920521392,4336.870413307925,2826.650390625,861.142333984375,2558.779296875
1,-1,9999,8925,824.8080322792084,214.48092225753294,-1,0,8925,3067.753899513973,1872.1133893557424,909.9791870117188,1463.337864975108,4340.89290047447,2756.702392578125,866.403564453125,2659.119140625
2,-1,9999,8925,717.4092763044937,187.1318946684947,-1,0,8925,3067.753899513973,1872.1133893557424,845.5526123046875,1463.5195697812037,4333.1050977946425,2532.940673828125,858.2091064453125,2598.5244140625
