epoch,CSR_GB_count,CSR_GB_sum,CSR_MP_count,CSR_MP_std,CSR_MP_sum,CSR_NM_count,CSR_NM_sum,CSR_PM_count,CSR_PM_std,CSR_PM_sum,loss,naive-model-mse,naive-model-non-zero,non_zero_mse,val_loss,val_non_zero_mse
0,-1,9999,9030,819.6370631598608,231.26532576593715,-1,0,9030,2727.964710324425,1554.255980066445,585.0889892578125,1162.5308862561415,3413.929241983842,1719.864013671875,691.2198486328125,2125.2626953125
1,-1,9999,9030,1057.3815548687737,318.24294812314434,-1,0,9030,2727.964710324425,1554.255980066445,576.025634765625,1162.2357581641484,3423.241930354556,1697.3575439453125,686.0242919921875,2056.8271484375
2,-1,9999,9030,1153.6137445482827,363.4683027042998,-1,0,9030,2727.9647103244247,1554.255980066445,565.4430541992188,1164.2457348224748,3421.0192199568683,1665.9915771484375,804.5909423828125,2547.84521484375
