epoch,CSR_GB_count,CSR_GB_sum,CSR_MP_count,CSR_MP_std,CSR_MP_sum,CSR_NM_count,CSR_NM_sum,CSR_PM_count,CSR_PM_std,CSR_PM_sum,loss,naive-model-mse,naive-model-non-zero,non_zero_mse,val_loss,val_non_zero_mse
0,-1,9999,8925,1059.9317168289142,301.45878325081674,-1,0,8925,3067.7538995139735,1872.1133893557424,724.9881591796875,1463.528848716336,4335.340114030765,2164.900390625,791.3803100585938,2368.318603515625
1,-1,9999,8925,1052.131581116695,318.37919806565554,-1,0,8925,3067.7538995139735,1872.1133893557424,707.5531005859375,1463.6260428240396,4336.398066050495,2107.939697265625,806.4699096679688,2418.527099609375
2,-1,9999,8925,949.5704561876571,266.64247553229,-1,0,8925,3067.7538995139735,1872.1133893557424,692.43359375,1463.4409215431667,4330.167552923034,2057.504150390625,843.2982788085938,2482.617431640625
