epoch,CSR_GB_count,CSR_GB_sum,CSR_MP_count,CSR_MP_std,CSR_MP_sum,CSR_NM_count,CSR_NM_sum,CSR_PM_count,CSR_PM_std,CSR_PM_sum,loss,naive-model-mse,naive-model-non-zero,non_zero_mse,val_loss,val_non_zero_mse
0,-1,9999,9030,718.101553613123,197.54841685006446,-1,0,9030,2727.964710324425,1554.255980066445,660.8067016601562,1162.3281261939856,3418.282799292979,1960.823486328125,707.7944946289062,2042.6053466796875
1,-1,9999,9030,671.5980142540981,177.1341388060603,-1,0,9030,2727.9647103244247,1554.255980066445,636.309326171875,1165.5667972338983,3425.6806887383837,1883.47705078125,696.3302612304688,2124.0771484375
2,-1,9999,9030,868.0008197832079,246.4000867497048,-1,0,9030,2727.9647103244247,1554.255980066445,629.4945068359375,1162.6592014899024,3421.9204789988007,1860.6168212890625,690.1543579101562,2077.196533203125
