epoch,CSR_GB_count,CSR_GB_sum,CSR_MP_count,CSR_MP_std,CSR_MP_sum,CSR_NM_count,CSR_NM_sum,CSR_PM_count,CSR_PM_std,CSR_PM_sum,loss,naive-model-mse,naive-model-non-zero,non_zero_mse,val_loss,val_non_zero_mse
0,-1,9999,8925,52.748831757089505,4.298682740155388,-1,0,8925,3067.753899513973,1872.1133893557424,2885.90478515625,1463.5424238002754,4333.2646792422975,9845.3271484375,2108.196044921875,7204.4609375
1,-1,9999,8925,178.37339689419082,29.89215360169985,-1,0,8925,3067.7538995139735,1872.1133893557424,1366.4195556640625,1463.457137391106,4339.855528002196,4336.84033203125,1208.4742431640625,3894.980712890625
2,-1,9999,8925,573.981313475847,155.5188572066459,-1,0,8925,3067.7538995139735,1872.1133893557424,1250.6158447265625,1463.388051428792,4340.58550111145,3929.584228515625,968.56884765625,2927.38232421875
