epoch,CSR_GB_count,CSR_GB_sum,CSR_MP_count,CSR_MP_std,CSR_MP_sum,CSR_NM_count,CSR_NM_sum,CSR_PM_count,CSR_PM_std,CSR_PM_sum,loss,naive-model-mse,naive-model-non-zero,non_zero_mse,val_loss,val_non_zero_mse
0,-1,9999,8925,1347.5477270730048,432.66646632356805,-1,0,8925,3067.753899513973,1872.1133893557424,677.488037109375,1463.3381006974998,4335.1206719295,2014.1993408203125,798.8175659179688,2437.892822265625
1,-1,9999,8925,1273.6234739054366,408.6829470923551,-1,0,8925,3067.753899513973,1872.1133893557424,660.3463134765625,1463.4891135728085,4337.928186124401,1958.4766845703125,906.9341430664062,2633.13232421875
2,-1,9999,8925,1290.0488581936008,423.37853094737403,-1,0,8925,3067.7538995139735,1872.1133893557424,662.102783203125,1463.6515459505874,4332.824583903565,1968.2003173828125,812.9653930664062,2402.737548828125
