epoch,CSR_GB_count,CSR_GB_sum,CSR_MP_count,CSR_MP_std,CSR_MP_sum,CSR_NM_count,CSR_NM_sum,CSR_PM_count,CSR_PM_std,CSR_PM_sum,loss,naive-model-mse,naive-model-non-zero,non_zero_mse,val_loss,val_non_zero_mse
0,-1,9999,8925,1156.4446276040028,370.09824701231736,-1,0,8925,3067.753899513973,1872.1133893557424,788.3904418945312,1463.5372815040066,4337.822468816563,2365.40087890625,901.608642578125,2621.27783203125
1,-1,9999,8925,1018.077654067701,293.08805498708864,-1,0,8925,3067.7538995139735,1872.1133893557424,762.2227783203125,1463.5209519576747,4337.786818494628,2279.787841796875,802.1199340820312,2450.918701171875
2,-1,9999,8925,1180.54529953891,367.07708803519483,-1,0,8925,3067.7538995139735,1872.1133893557424,748.2962036132812,1463.488103214741,4332.244578936136,2234.154052734375,810.2967529296875,2409.3056640625
