epoch,CSR_GB_count,CSR_GB_sum,CSR_MP_count,CSR_MP_std,CSR_MP_sum,CSR_NM_count,CSR_NM_sum,CSR_PM_count,CSR_PM_std,CSR_PM_sum,loss,naive-model-mse,naive-model-non-zero,non_zero_mse,val_loss,val_non_zero_mse
0,-1,9999,9030,546.248797683318,152.31117283498924,-1,0,9030,2727.9647103244247,1554.255980066445,963.7787475585938,1162.838880109522,3419.9319865141947,2959.69091796875,962.9199829101562,2860.701416015625
1,-1,9999,9030,876.0578678611431,257.7435561769676,-1,0,9030,2727.964710324425,1554.255980066445,901.60693359375,1164.7793543075554,3427.3288350510475,2744.343017578125,813.7472534179688,2359.194580078125
2,-1,9999,9030,539.3668616160436,128.92384106132715,-1,0,9030,2727.964710324425,1554.255980066445,833.2402954101562,1161.2866398472975,3419.8323130904832,2533.562255859375,733.0841674804688,2106.8515625
