epoch,CSR_GB_count,CSR_GB_sum,CSR_MP_count,CSR_MP_std,CSR_MP_sum,CSR_NM_count,CSR_NM_sum,CSR_PM_count,CSR_PM_std,CSR_PM_sum,loss,naive-model-mse,naive-model-non-zero,non_zero_mse,val_loss,val_non_zero_mse
0,-1,9999,8505,1001.7676690766386,298.91867730026735,-1,0,8505,3540.4488676391716,2419.145914168136,1130.545166015625,2888.145400404007,8716.51751516761,3388.4287109375,1434.237548828125,4626.720703125
1,-1,9999,8505,1030.778422992572,307.9617717534093,-1,0,8505,3540.4488676391716,2419.145914168136,1069.792236328125,2889.743340100635,8703.816274390796,3196.4599609375,1439.1041259765625,4581.01806640625
