epoch,CSR_GB_count,CSR_GB_sum,CSR_MP_count,CSR_MP_std,CSR_MP_sum,CSR_NM_count,CSR_NM_sum,CSR_PM_count,CSR_PM_std,CSR_PM_sum,loss,naive-model-mse,naive-model-non-zero,non_zero_mse,val_loss,val_non_zero_mse
0,-1,9999,9030,453.440775871869,109.37311407825348,-1,0,9030,2727.9647103244247,1554.255980066445,1034.128173828125,1162.1554434601385,3419.7959015777396,3205.3525390625,810.2750244140625,2347.32666015625
1,-1,9999,9030,641.8453960202125,186.71673281243605,-1,0,9030,2727.964710324425,1554.255980066445,904.0135498046875,1162.0271854957014,3420.745203638887,2746.658203125,826.5097045898438,2388.603759765625
