epoch,CSR_GB_count,CSR_GB_sum,CSR_MP_count,CSR_MP_std,CSR_MP_sum,CSR_NM_count,CSR_NM_sum,CSR_PM_count,CSR_PM_std,CSR_PM_sum,loss,naive-model-mse,naive-model-non-zero,non_zero_mse,val_loss,val_non_zero_mse
0,-1,9999,9030,701.9299138706314,182.81101377171404,-1,0,9030,2727.964710324425,1554.255980066445,697.122314453125,1162.7758242294367,3418.978818966328,2066.572021484375,798.157958984375,2315.54638671875
1,-1,9999,9030,768.2894053348583,211.96311727796711,-1,0,9030,2727.9647103244247,1554.255980066445,662.4969482421875,1164.6939808098007,3427.196956255785,1960.11865234375,686.4935302734375,2046.65625
