epoch,CSR_train_data_fractional,loss,non_zero_mape,val_loss,val_non_zero_mape
0,0.27366666666666667,109915.3671875,0.8302913904190063,8176.322265625,0.8297862410545349
