epoch,CSR_GB_count,CSR_GB_sum,CSR_MP_count,CSR_MP_std,CSR_MP_sum,CSR_NM_count,CSR_NM_sum,CSR_PM_count,CSR_PM_std,CSR_PM_sum,loss,naive-model-mse,naive-model-non-zero,non_zero_mse,val_loss,val_non_zero_mse
0,-1,9999,9345,33.60801894749761,3.0809770528998457,-1,0,9345,1897.783294630079,1086.2137506688068,2621.9619140625,1132.1905164960779,3352.3314981492754,8679.736328125,1168.956787109375,3889.80712890625
1,-1,9999,9345,309.98663591602093,71.31065445346523,-1,0,9345,1897.7832946300791,1086.2137506688068,1008.883056640625,1132.2890649144558,3351.7673997696006,3234.63916015625,906.4669799804688,2765.120849609375
2,-1,9999,9345,267.92065964914985,56.22609829360658,-1,0,9345,1897.7832946300791,1086.2137506688068,956.2608642578125,1130.777440875337,3354.3613792927677,3482.964111328125,771.4041748046875,2305.58447265625
