epoch,CSR_GB_count,CSR_GB_sum,CSR_MP_count,CSR_MP_std,CSR_MP_sum,CSR_NM_count,CSR_NM_sum,CSR_PM_count,CSR_PM_std,CSR_PM_sum,loss,naive-model-mse,naive-model-non-zero,non_zero_mse,val_loss,val_non_zero_mse
0,-1,9999,9450,487.88593384499404,113.57457406453986,-1,0,9450,1631.6820271069114,917.8591798941799,515.5774536132812,872.685001716879,2571.4077900132443,1525.772216796875,537.6444702148438,1615.77978515625
1,-1,9999,9450,458.1043921364059,106.11497864175253,-1,0,9450,1631.6820271069114,917.8591798941799,520.4564819335938,872.8460616391178,2572.1316167689024,1555.484619140625,538.740478515625,1539.8739013671875
2,-1,9999,9450,484.6001948145231,112.25590749488227,-1,0,9450,1631.6820271069114,917.8591798941799,502.2725524902344,873.5108900674661,2569.6493123430796,1484.404052734375,558.6132202148438,1707.631103515625
