epoch,CSR_GB_count,CSR_GB_sum,CSR_MP_count,CSR_MP_std,CSR_MP_sum,CSR_NM_count,CSR_NM_sum,CSR_PM_count,CSR_PM_std,CSR_PM_sum,loss,naive-model-mse,naive-model-non-zero,non_zero_mse,val_loss,val_non_zero_mse
0,-1,9999,9345,416.0108718113683,102.81899630183074,-1,0,9345,1897.7832946300791,1086.2137506688068,769.1309204101562,1134.0626246383429,3357.340049238598,2358.004150390625,764.1343994140625,2372.1552734375
1,-1,9999,9345,463.5479232661909,120.5868573630411,-1,0,9345,1897.783294630079,1086.2137506688068,744.741455078125,1134.4665459185937,3361.363716982176,2268.23046875,664.8567504882812,1950.6859130859375
2,-1,9999,9345,379.9755850194961,82.70699700971157,-1,0,9345,1897.783294630079,1086.2137506688068,744.689453125,1133.6165725865728,3352.753170178375,2318.24169921875,653.8021240234375,1962.2451171875
