epoch,CSR_GB_count,CSR_GB_sum,CSR_MP_count,CSR_MP_std,CSR_MP_sum,CSR_NM_count,CSR_NM_sum,CSR_PM_count,CSR_PM_std,CSR_PM_sum,loss,naive-model-mse,naive-model-non-zero,non_zero_mse,val_loss,val_non_zero_mse
0,-1,9999,9345,501.1143593494261,119.19716897137731,-1,0,9345,1897.7832946300791,1086.2137506688068,614.8184204101562,1134.4377999083788,3364.9120553613316,1877.47314453125,741.3233642578125,2372.434814453125
1,-1,9999,9345,559.80569971516,137.17545634002337,-1,0,9345,1897.783294630079,1086.2137506688068,581.69091796875,1132.633023980465,3354.994575503449,1753.410888671875,712.4092407226562,2247.175537109375
2,-1,9999,9345,444.39985420908926,95.80176189095022,-1,0,9345,1897.7832946300791,1086.2137506688068,572.1724243164062,1131.3599295472986,3351.0581896524914,1724.318359375,1071.358154296875,3647.380615234375
