epoch,CSR_GB_count,CSR_GB_sum,CSR_MP_count,CSR_MP_std,CSR_MP_sum,CSR_NM_count,CSR_NM_sum,CSR_PM_count,CSR_PM_std,CSR_PM_sum,loss,naive-model-mse,naive-model-non-zero,non_zero_mse,val_loss,val_non_zero_mse
0,-1,9999,9450,447.8099453395082,102.63707503157318,-1,0,9450,1631.6820271069114,917.8591798941799,497.5186767578125,872.251199403992,2566.59842911993,1473.234619140625,575.0165405273438,1775.267333984375
1,-1,9999,9450,577.00111393105,146.18888819979375,-1,0,9450,1631.6820271069114,917.8591798941799,484.8258056640625,873.7706685303699,2576.7117540152562,1431.4356689453125,558.0565185546875,1687.2149658203125
2,-1,9999,9450,599.6772051375044,152.57128860080684,-1,0,9450,1631.6820271069114,917.8591798941799,483.5434875488281,873.4585963889559,2566.967231593214,1426.181884765625,540.2119750976562,1611.586181640625
