epoch,CSR_GB_count,CSR_GB_sum,CSR_MP_count,CSR_MP_std,CSR_MP_sum,CSR_NM_count,CSR_NM_sum,CSR_PM_count,CSR_PM_std,CSR_PM_sum,loss,naive-model-mse,naive-model-non-zero,non_zero_mse,val_loss,val_non_zero_mse
0,-1,9999,9450,271.513466794384,47.59406874729843,-1,0,9450,1631.6820271069114,917.8591798941799,593.7157592773438,872.4986454068227,2566.8288327106743,1778.9366455078125,588.1149291992188,1802.0108642578125
1,-1,9999,9450,275.34691992616354,49.26250031422528,-1,0,9450,1631.6820271069112,917.8591798941799,591.5339965820312,873.2943104651595,2567.5327288202984,1779.79541015625,608.4973754882812,1901.4669189453125
2,-1,9999,9450,489.578688555029,115.83217832911109,-1,0,9450,1631.6820271069114,917.8591798941799,571.5618286132812,872.411525734853,2572.1967879931076,1706.1519775390625,536.6534423828125,1566.0416259765625
