epoch,CSR_GB_count,CSR_GB_sum,CSR_MP_count,CSR_MP_std,CSR_MP_sum,CSR_NM_count,CSR_NM_sum,CSR_PM_count,CSR_PM_std,CSR_PM_sum,loss,naive-model-mse,naive-model-non-zero,non_zero_mse,val_loss,val_non_zero_mse
0,-1,9999,9450,255.6361515722581,50.82056741072821,-1,0,9450,1631.6820271069114,917.8591798941799,729.7127685546875,872.8176287282193,2571.726698078842,2266.33203125,688.7222900390625,1999.71435546875
1,-1,9999,9450,220.19199009674088,41.91864171380089,-1,0,9450,1631.6820271069114,917.8591798941799,662.6270751953125,873.1769664280356,2569.078093688589,2011.13916015625,578.6907348632812,1658.98388671875
2,-1,9999,9450,170.44951105916525,29.287335000813954,-1,0,9450,1631.6820271069114,917.8591798941799,650.3980102539062,872.583136430556,2569.887423309838,1975.884765625,594.9275512695312,1821.7843017578125
