epoch,CSR_GB_count,CSR_GB_sum,CSR_MP_count,CSR_MP_std,CSR_MP_sum,CSR_NM_count,CSR_NM_sum,CSR_PM_count,CSR_PM_std,CSR_PM_sum,loss,naive-model-mse,naive-model-non-zero,non_zero_mse,val_loss,val_non_zero_mse
0,-1,9999,9450,432.34221650880454,91.39764535353927,-1,0,9450,1631.6820271069114,917.8591798941799,547.51904296875,873.8594901890453,2571.514147408017,1622.810546875,552.2350463867188,1683.9827880859375
1,-1,9999,9450,480.5569476722212,107.37106297505596,-1,0,9450,1631.6820271069114,917.8591798941799,542.6316528320312,873.6260382527746,2573.025165987024,1617.4212646484375,598.2757568359375,1877.0673828125
2,-1,9999,9450,481.05398483157546,115.01070693194669,-1,0,9450,1631.6820271069114,917.8591798941799,526.4879150390625,874.4900468020612,2573.371754411109,1566.981689453125,571.3358154296875,1740.1246337890625
