epoch,CSR_GB_count,CSR_GB_sum,CSR_MP_count,CSR_MP_std,CSR_MP_sum,CSR_NM_count,CSR_NM_sum,CSR_PM_count,CSR_PM_std,CSR_PM_sum,loss,naive-model-mse,naive-model-non-zero,non_zero_mse,val_loss,val_non_zero_mse
0,-1,9999,9345,464.2597744274665,104.06323956889446,-1,0,9345,1897.7832946300791,1086.2137506688068,630.8256225585938,1132.6177588261494,3359.4333078355203,1936.4049072265625,657.8177490234375,2006.678955078125
1,-1,9999,9345,565.7414341159165,147.40996263372574,-1,0,9345,1897.7832946300791,1086.2137506688068,621.271484375,1131.8328931207805,3350.484737103279,1894.0123291015625,661.244140625,2025.42529296875
2,-1,9999,9345,620.7660869363943,157.51630706358492,-1,0,9345,1897.7832946300791,1086.2137506688068,605.5936279296875,1133.6255389618768,3354.6428120025116,1814.4193115234375,695.6453857421875,2177.8330078125
