epoch,CSR_GB_count,CSR_GB_sum,CSR_MP_count,CSR_MP_std,CSR_MP_sum,CSR_NM_count,CSR_NM_sum,CSR_PM_count,CSR_PM_std,CSR_PM_sum,loss,naive-model-mse,naive-model-non-zero,non_zero_mse,val_loss,val_non_zero_mse
0,-1,9999,9345,477.78761851672107,115.84225548488561,-1,0,9345,1897.7832946300791,1086.2137506688068,673.8497924804688,1132.7233459189758,3358.6263339789816,2054.14453125,650.2913818359375,1923.0216064453125
1,-1,9999,9345,516.7777273558729,128.67864286339477,-1,0,9345,1897.783294630079,1086.2137506688068,676.4771118164062,1130.7066209090467,3350.8968431634103,2063.43994140625,644.4911499023438,1944.632568359375
2,-1,9999,9345,545.3592322384228,143.15426996843644,-1,0,9345,1897.783294630079,1086.2137506688068,663.4236450195312,1132.8608010689304,3363.679248637827,2005.3365478515625,640.8840942382812,1873.1890869140625
