BN/noBN, ph, mu, np.std[:], np.min[:], np.max(:)
BN,1,517.6099804527319,353.49516457809676,0.0,1214.8135605638313,
No-BN,1,639.5561678875878,380.62061489637404,230.5719309340536,1707.304508896981,
BN,2,554.7297246967247,418.8132302250165,0.0,1513.3335714880686,
No-BN,2,567.376637215251,420.13865168980664,55.70708813051748,1986.7093189141704,
BN,3,636.7907645806034,401.54233767327986,0.0,1476.4162150578316,
No-BN,3,635.2902335090597,333.2416716548535,109.99719416290904,1283.379963788563,
BN,4,678.3437747845966,390.4533299828467,0.0,1563.9030447974928,
No-BN,4,878.2868266645587,560.8655506354237,254.8774065336476,2990.9631865835254,
