epoch,CSR_GB_count,CSR_GB_sum,CSR_MP_count,CSR_MP_std,CSR_MP_sum,CSR_NM_count,CSR_NM_sum,CSR_PM_count,CSR_PM_std,CSR_PM_sum,loss,naive-model-mse,naive-model-non-zero,non_zero_mse,val_loss,val_non_zero_mse
0,-1,9999,9660,366.1135594721795,72.72530233605667,-1,0,9660,1427.271076048385,873.5018374741201,639.4129028320312,740.5159090345048,2174.8022285279417,1995.707763671875,595.0118408203125,1786.34521484375
1,-1,9999,9660,254.27497570814387,39.46757238451045,-1,0,9660,1427.271076048385,873.5018374741201,610.41796875,740.5767527276525,2175.287235729103,1903.6708984375,603.4614868164062,1870.2352294921875
