epoch,CSR_GB_count,CSR_GB_sum,CSR_MP_count,CSR_MP_std,CSR_MP_sum,CSR_NM_count,CSR_NM_sum,CSR_PM_count,CSR_PM_std,CSR_PM_sum,loss,naive-model-mse,naive-model-non-zero,non_zero_mse,val_loss,val_non_zero_mse
0,-1,9999,9135,357.72123054868524,80.75169286185444,-1,0,9135,2293.1996694989434,1531.7926108374384,1458.444580078125,2254.167904635243,6837.579314922569,4716.099609375,1631.1810302734375,5242.02783203125
1,-1,9999,9135,318.89463720955973,68.00146938800061,-1,0,9135,2293.1996694989434,1531.7926108374384,1380.2513427734375,2254.922578590513,6844.7256650583495,4431.0322265625,1678.6712646484375,5479.34375
