epoch,CSR_GB_count,CSR_GB_sum,CSR_MP_count,CSR_MP_std,CSR_MP_sum,CSR_NM_count,CSR_NM_sum,CSR_PM_count,CSR_PM_std,CSR_PM_sum,loss,naive-model-mse,naive-model-non-zero,non_zero_mse,val_loss,val_non_zero_mse
0,-1,9999,9660,608.7847415080405,177.9289463147706,-1,0,9660,1427.2710760483849,873.5018374741201,619.74755859375,740.5561277664292,2176.283320753485,1930.850341796875,701.4930419921875,2120.22119140625
1,-1,9999,9660,306.9871844052581,51.63056597727935,-1,0,9660,1427.271076048385,873.5018374741201,582.9727172851562,740.5118682591954,2173.352603291394,1802.0782470703125,586.09130859375,1784.6435546875
