epoch,CSR_GB_count,CSR_GB_sum,CSR_MP_count,CSR_MP_std,CSR_MP_sum,CSR_NM_count,CSR_NM_sum,CSR_PM_count,CSR_PM_std,CSR_PM_sum,loss,naive-model-mse,naive-model-non-zero,non_zero_mse,val_loss,val_non_zero_mse
0,-1,9999,9660,469.8161891120636,123.37435636404886,-1,0,9660,1427.271076048385,873.5018374741201,751.761474609375,740.5200707676726,2176.833404436509,2394.0146484375,675.4546508789062,2015.627197265625
1,-1,9999,9660,827.4152871380498,379.60733204280194,-1,0,9660,1427.271076048385,873.5018374741201,720.86083984375,740.5601150298178,2177.4137376227936,2286.172607421875,861.6417236328125,2645.95947265625
