epoch,CSR_GB_count,CSR_GB_sum,CSR_MP_count,CSR_MP_std,CSR_MP_sum,CSR_NM_count,CSR_NM_sum,CSR_PM_count,CSR_PM_std,CSR_PM_sum,loss,naive-model-mse,naive-model-non-zero,non_zero_mse,val_loss,val_non_zero_mse
0,-1,9999,9660,555.6919175120312,160.25083812099436,-1,0,9660,1427.271076048385,873.5018374741201,674.9503784179688,740.4633944570347,2178.15782215098,2119.0712890625,688.0821533203125,2061.45703125
1,-1,9999,9660,257.87779259061665,45.58166546464028,-1,0,9660,1427.2710760483849,873.5018374741201,649.0526123046875,740.4404544321861,2174.4159841440214,2042.523193359375,595.7166748046875,1790.9317626953125
