epoch,CSR_GB_count,CSR_GB_sum,CSR_MP_count,CSR_MP_std,CSR_MP_sum,CSR_NM_count,CSR_NM_sum,CSR_PM_count,CSR_PM_std,CSR_PM_sum,loss,naive-model-mse,naive-model-non-zero,non_zero_mse,val_loss,val_non_zero_mse
0,-1,9999,9660,229.60383799857647,33.6975158017121,-1,0,9660,1427.271076048385,873.5018374741201,595.4367065429688,740.7986624603859,2175.214901694832,1848.5072021484375,624.5185546875,1951.955078125
1,-1,9999,9660,299.8313076968267,56.31467905999402,-1,0,9660,1427.271076048385,873.5018374741201,572.0076293945312,740.4461791309974,2175.176751171779,1772.943115234375,597.7854614257812,1821.15576171875
