epoch,CSR_GB_count,CSR_GB_sum,CSR_MP_count,CSR_MP_std,CSR_MP_sum,CSR_NM_count,CSR_NM_sum,CSR_PM_count,CSR_PM_std,CSR_PM_sum,loss,naive-model-mse,naive-model-non-zero,non_zero_mse,val_loss,val_non_zero_mse
0,-1,9999,9135,177.94832807981356,22.841128110806913,-1,0,9135,2293.1996694989434,1531.7926108374384,1708.0953369140625,2253.61140373666,6839.578967663456,5633.1630859375,1734.3575439453125,5667.11279296875
1,-1,9999,9135,199.22354572194402,30.15956322220901,-1,0,9135,2293.1996694989434,1531.7926108374384,1599.2548828125,2254.144285480543,6841.485803669957,5231.02978515625,1801.9052734375,5947.0546875
