epoch,CSR_GB_count,CSR_GB_sum,CSR_MP_count,CSR_MP_std,CSR_MP_sum,CSR_NM_count,CSR_NM_sum,CSR_PM_count,CSR_PM_std,CSR_PM_sum,loss,naive-model-mse,naive-model-non-zero,non_zero_mse,val_loss,val_non_zero_mse
0,-1,9999,9135,279.5333419778135,46.87037773273628,-1,0,9135,2293.1996694989434,1531.7926108374384,1921.465576171875,2255.208784875016,6839.923352244265,6411.443359375,1928.044921875,6208.166015625
1,-1,9999,9135,244.44457541927864,38.36616073400353,-1,0,9135,2293.1996694989434,1531.7926108374384,1808.51123046875,2254.990917299757,6850.44479620247,5993.98583984375,1764.04638671875,5677.4033203125
