epoch,CSR_GB_count,CSR_GB_sum,CSR_MP_count,CSR_MP_std,CSR_MP_sum,CSR_NM_count,CSR_NM_sum,CSR_PM_count,CSR_PM_std,CSR_PM_sum,loss,naive-model-mse,naive-model-non-zero,non_zero_mse,val_loss,val_non_zero_mse
0,-1,9999,9135,337.5451906377772,68.36878423982458,-1,0,9135,2293.1996694989434,1531.7926108374384,1567.0335693359375,2253.832680772373,6841.004026077499,5115.4462890625,1691.26708984375,5355.73876953125
1,-1,9999,9135,401.3586845322402,93.90804778310401,-1,0,9135,2293.1996694989434,1531.7926108374384,1455.762451171875,2254.9199481521596,6848.235413981038,4709.94384765625,1695.925048828125,5346.16796875
