epoch,CSR_GB_count,CSR_GB_sum,CSR_MP_count,CSR_MP_std,CSR_MP_sum,CSR_NM_count,CSR_NM_sum,CSR_PM_count,CSR_PM_std,CSR_PM_sum,loss,naive-model-mse,naive-model-non-zero,non_zero_mse,val_loss,val_non_zero_mse
0,-1,9999,9135,0.0,0.0,-1,0,9135,2293.1996694989434,1531.7926108374384,4468.18896484375,2254.475857764228,6855.067761560877,15004.6171875,6241.958984375,22339.146484375
1,-1,9999,9135,139.9359714954159,12.960334978331355,-1,0,9135,2293.1996694989434,1531.7926108374384,2093.32373046875,2253.3995507507693,6841.599736287029,7010.92333984375,1934.632568359375,6292.89013671875
